[{"model": "admin.logentry", "pk": 1, "fields": {"action_time": "2022-03-04T02:28:57.784Z", "user": 1, "content_type": 4, "object_id": "1", "object_repr": "admin", "action_flag": 2, "change_message": "[{\"changed\": {\"fields\": [\"First name\"]}}]"}}, {"model": "admin.logentry", "pk": 2, "fields": {"action_time": "2022-03-04T07:56:39.030Z", "user": 1, "content_type": 9, "object_id": "1", "object_repr": "404400001", "action_flag": 3, "change_message": ""}}, {"model": "admin.logentry", "pk": 3, "fields": {"action_time": "2022-03-04T08:01:11.772Z", "user": 1, "content_type": 9, "object_id": "3", "object_repr": "0000001", "action_flag": 3, "change_message": ""}}, {"model": "admin.logentry", "pk": 4, "fields": {"action_time": "2022-03-04T08:01:11.780Z", "user": 1, "content_type": 9, "object_id": "2", "object_repr": "404400001", "action_flag": 3, "change_message": ""}}, {"model": "admin.logentry", "pk": 5, "fields": {"action_time": "2022-03-04T08:05:05.075Z", "user": 1, "content_type": 9, "object_id": "4", "object_repr": "0000001", "action_flag": 3, "change_message": ""}}, {"model": "admin.logentry", "pk": 6, "fields": {"action_time": "2022-03-04T08:06:32.418Z", "user": 1, "content_type": 9, "object_id": "5", "object_repr": "404400001", "action_flag": 3, "change_message": ""}}, {"model": "admin.logentry", "pk": 7, "fields": {"action_time": "2022-03-04T08:23:35.023Z", "user": 1, "content_type": 9, "object_id": "18", "object_repr": "404400013", "action_flag": 3, "change_message": ""}}, {"model": "admin.logentry", "pk": 8, "fields": {"action_time": "2022-03-04T08:23:35.038Z", "user": 1, "content_type": 9, "object_id": "17", "object_repr": "404400012", "action_flag": 3, "change_message": ""}}, {"model": "admin.logentry", "pk": 9, "fields": {"action_time": "2022-03-04T08:23:35.060Z", "user": 1, "content_type": 9, "object_id": "16", "object_repr": "404400011", "action_flag": 3, "change_message": ""}}, {"model": "admin.logentry", "pk": 10, "fields": {"action_time": "2022-03-04T08:23:35.069Z", "user": 1, "content_type": 9, "object_id": "15", "object_repr": "404400010", "action_flag": 3, "change_message": ""}}, {"model": "admin.logentry", "pk": 11, "fields": {"action_time": "2022-03-04T08:23:35.089Z", "user": 1, "content_type": 9, "object_id": "14", "object_repr": "404400009", "action_flag": 3, "change_message": ""}}, {"model": "admin.logentry", "pk": 12, "fields": {"action_time": "2022-03-04T08:23:35.098Z", "user": 1, "content_type": 9, "object_id": "13", "object_repr": "404400008", "action_flag": 3, "change_message": ""}}, {"model": "admin.logentry", "pk": 13, "fields": {"action_time": "2022-03-04T08:23:35.121Z", "user": 1, "content_type": 9, "object_id": "12", "object_repr": "404400007", "action_flag": 3, "change_message": ""}}, {"model": "admin.logentry", "pk": 14, "fields": {"action_time": "2022-03-04T08:23:35.136Z", "user": 1, "content_type": 9, "object_id": "11", "object_repr": "404400006", "action_flag": 3, "change_message": ""}}, {"model": "admin.logentry", "pk": 15, "fields": {"action_time": "2022-03-04T08:23:35.149Z", "user": 1, "content_type": 9, "object_id": "10", "object_repr": "404400005", "action_flag": 3, "change_message": ""}}, {"model": "admin.logentry", "pk": 16, "fields": {"action_time": "2022-03-04T08:23:35.165Z", "user": 1, "content_type": 9, "object_id": "9", "object_repr": "404400004", "action_flag": 3, "change_message": ""}}, {"model": "admin.logentry", "pk": 17, "fields": {"action_time": "2022-03-04T08:23:35.178Z", "user": 1, "content_type": 9, "object_id": "8", "object_repr": "404400003", "action_flag": 3, "change_message": ""}}, {"model": "admin.logentry", "pk": 18, "fields": {"action_time": "2022-03-04T08:23:35.198Z", "user": 1, "content_type": 9, "object_id": "7", "object_repr": "404400002", "action_flag": 3, "change_message": ""}}, {"model": "admin.logentry", "pk": 19, "fields": {"action_time": "2022-03-04T08:23:35.208Z", "user": 1, "content_type": 9, "object_id": "6", "object_repr": "404400001", "action_flag": 3, "change_message": ""}}, {"model": "admin.logentry", "pk": 20, "fields": {"action_time": "2022-03-04T08:28:58.941Z", "user": 1, "content_type": 9, "object_id": "22", "object_repr": "404400004", "action_flag": 3, "change_message": ""}}, {"model": "admin.logentry", "pk": 21, "fields": {"action_time": "2022-03-04T08:28:58.963Z", "user": 1, "content_type": 9, "object_id": "21", "object_repr": "404400003", "action_flag": 3, "change_message": ""}}, {"model": "admin.logentry", "pk": 22, "fields": {"action_time": "2022-03-04T08:28:58.972Z", "user": 1, "content_type": 9, "object_id": "20", "object_repr": "404400002", "action_flag": 3, "change_message": ""}}, {"model": "admin.logentry", "pk": 23, "fields": {"action_time": "2022-03-04T08:28:58.991Z", "user": 1, "content_type": 9, "object_id": "19", "object_repr": "404400001", "action_flag": 3, "change_message": ""}}, {"model": "admin.logentry", "pk": 24, "fields": {"action_time": "2022-03-04T08:29:26.066Z", "user": 1, "content_type": 9, "object_id": "23", "object_repr": "404400001", "action_flag": 3, "change_message": ""}}, {"model": "admin.logentry", "pk": 25, "fields": {"action_time": "2023-05-18T13:33:14.688Z", "user": 1, "content_type": 7, "object_id": "8", "object_repr": "Print", "action_flag": 2, "change_message": "[{\"changed\": {\"fields\": [\"Name\", \"Description\"]}}]"}}, {"model": "admin.logentry", "pk": 26, "fields": {"action_time": "2023-05-18T13:33:43.939Z", "user": 1, "content_type": 7, "object_id": "5", "object_repr": "Laminate", "action_flag": 2, "change_message": "[{\"changed\": {\"fields\": [\"Name\", \"Description\"]}}]"}}, {"model": "admin.logentry", "pk": 27, "fields": {"action_time": "2023-05-18T13:34:34.879Z", "user": 1, "content_type": 7, "object_id": "4", "object_repr": "Customization", "action_flag": 2, "change_message": "[{\"changed\": {\"fields\": [\"Name\", \"Description\"]}}]"}}, {"model": "admin.logentry", "pk": 28, "fields": {"action_time": "2023-05-18T13:34:58.856Z", "user": 1, "content_type": 7, "object_id": "3", "object_repr": "Tarpauline", "action_flag": 2, "change_message": "[{\"changed\": {\"fields\": [\"Name\", \"Description\"]}}]"}}, {"model": "admin.logentry", "pk": 29, "fields": {"action_time": "2023-05-18T13:35:22.625Z", "user": 1, "content_type": 7, "object_id": "2", "object_repr": "Book Binding", "action_flag": 2, "change_message": "[{\"changed\": {\"fields\": [\"Name\", \"Description\"]}}]"}}, {"model": "admin.logentry", "pk": 30, "fields": {"action_time": "2023-05-18T13:36:50.259Z", "user": 1, "content_type": 7, "object_id": "1", "object_repr": "Photocopy", "action_flag": 2, "change_message": "[{\"changed\": {\"fields\": [\"Name\", \"Description\"]}}]"}}, {"model": "admin.logentry", "pk": 31, "fields": {"action_time": "2023-05-18T13:37:17.470Z", "user": 1, "content_type": 7, "object_id": "8", "object_repr": "Print", "action_flag": 2, "change_message": "[{\"changed\": {\"fields\": [\"Description\"]}}]"}}, {"model": "admin.logentry", "pk": 32, "fields": {"action_time": "2023-05-18T13:39:15.755Z", "user": 1, "content_type": 8, "object_id": "5", "object_repr": "001 - B&W - Short", "action_flag": 2, "change_message": "[{\"changed\": {\"fields\": [\"Code\", \"Name\", \"Description\", \"Price\"]}}]"}}, {"model": "admin.logentry", "pk": 33, "fields": {"action_time": "2023-05-18T13:39:59.189Z", "user": 1, "content_type": 8, "object_id": "4", "object_repr": "002 - B&W - A4", "action_flag": 2, "change_message": "[{\"changed\": {\"fields\": [\"Code\", \"Name\", \"Description\", \"Price\"]}}]"}}, {"model": "admin.logentry", "pk": 34, "fields": {"action_time": "2023-05-18T13:40:59.762Z", "user": 1, "content_type": 8, "object_id": "5", "object_repr": "001 - B&W - Short", "action_flag": 2, "change_message": "[{\"changed\": {\"fields\": [\"Description\"]}}]"}}, {"model": "admin.logentry", "pk": 35, "fields": {"action_time": "2023-05-18T13:41:32.992Z", "user": 1, "content_type": 8, "object_id": "3", "object_repr": "003 - B&W - Long", "action_flag": 2, "change_message": "[{\"changed\": {\"fields\": [\"Code\", \"Category id\", \"Name\", \"Description\", \"Price\"]}}]"}}, {"model": "admin.logentry", "pk": 36, "fields": {"action_time": "2023-05-18T13:42:30.475Z", "user": 1, "content_type": 8, "object_id": "2", "object_repr": "004 - B&W - A3", "action_flag": 2, "change_message": "[{\"changed\": {\"fields\": [\"Code\", \"Category id\", \"Name\", \"Description\", \"Price\"]}}]"}}, {"model": "admin.logentry", "pk": 37, "fields": {"action_time": "2023-05-18T13:43:47.150Z", "user": 1, "content_type": 8, "object_id": "7", "object_repr": "006 - Photocopy -B&W - Short", "action_flag": 1, "change_message": "[{\"added\": {}}]"}}, {"model": "admin.logentry", "pk": 38, "fields": {"action_time": "2023-05-18T13:44:02.625Z", "user": 1, "content_type": 8, "object_id": "5", "object_repr": "001 - Print B&W - Short", "action_flag": 2, "change_message": "[{\"changed\": {\"fields\": [\"Name\"]}}]"}}, {"model": "admin.logentry", "pk": 39, "fields": {"action_time": "2023-05-18T13:44:08.437Z", "user": 1, "content_type": 8, "object_id": "4", "object_repr": "002 - Print B&W - A4", "action_flag": 2, "change_message": "[{\"changed\": {\"fields\": [\"Name\"]}}]"}}, {"model": "admin.logentry", "pk": 40, "fields": {"action_time": "2023-05-18T13:44:16.944Z", "user": 1, "content_type": 8, "object_id": "3", "object_repr": "003 - Print B&W - Long", "action_flag": 2, "change_message": "[{\"changed\": {\"fields\": [\"Name\"]}}]"}}, {"model": "admin.logentry", "pk": 41, "fields": {"action_time": "2023-05-18T13:44:24.869Z", "user": 1, "content_type": 8, "object_id": "2", "object_repr": "004 - Print B&W - A3", "action_flag": 2, "change_message": "[{\"changed\": {\"fields\": [\"Name\"]}}]"}}, {"model": "admin.logentry", "pk": 42, "fields": {"action_time": "2023-05-18T13:51:31.971Z", "user": 1, "content_type": 8, "object_id": "1", "object_repr": "005 - Col Print Short Non-Laser", "action_flag": 2, "change_message": "[{\"changed\": {\"fields\": [\"Code\", \"Category id\", \"Name\", \"Price\"]}}]"}}, {"model": "admin.logentry", "pk": 43, "fields": {"action_time": "2023-05-19T13:59:22.372Z", "user": 1, "content_type": 8, "object_id": "1", "object_repr": "005 - Colored Print Short", "action_flag": 2, "change_message": "[{\"changed\": {\"fields\": [\"Name\", \"Description\"]}}]"}}, {"model": "admin.logentry", "pk": 44, "fields": {"action_time": "2023-05-19T14:00:47.486Z", "user": 1, "content_type": 8, "object_id": "1", "object_repr": "005 - Small Colored Print Short", "action_flag": 2, "change_message": "[{\"changed\": {\"fields\": [\"Name\", \"Description\", \"Price\"]}}]"}}, {"model": "admin.logentry", "pk": 45, "fields": {"action_time": "2023-05-19T14:00:52.700Z", "user": 1, "content_type": 8, "object_id": "1", "object_repr": "005 - Small Colored Print Short", "action_flag": 2, "change_message": "[]"}}, {"model": "admin.logentry", "pk": 46, "fields": {"action_time": "2023-05-19T14:01:05.258Z", "user": 1, "content_type": 8, "object_id": "1", "object_repr": "005 - Small Colored Print", "action_flag": 2, "change_message": "[{\"changed\": {\"fields\": [\"Name\"]}}]"}}, {"model": "admin.logentry", "pk": 47, "fields": {"action_time": "2023-05-19T14:01:11.086Z", "user": 1, "content_type": 8, "object_id": "1", "object_repr": "005 - Small Colored Print", "action_flag": 2, "change_message": "[]"}}, {"model": "admin.logentry", "pk": 48, "fields": {"action_time": "2023-05-19T14:01:19.715Z", "user": 1, "content_type": 8, "object_id": "7", "object_repr": "020 - Photocopy -B&W - Short", "action_flag": 2, "change_message": "[{\"changed\": {\"fields\": [\"Code\"]}}]"}}, {"model": "admin.logentry", "pk": 49, "fields": {"action_time": "2023-05-19T14:01:55.640Z", "user": 1, "content_type": 8, "object_id": "8", "object_repr": "007 - Medium Colored Print", "action_flag": 1, "change_message": "[{\"added\": {}}]"}}, {"model": "admin.logentry", "pk": 50, "fields": {"action_time": "2023-05-19T14:02:19.041Z", "user": 1, "content_type": 8, "object_id": "8", "object_repr": "006 - Medium Colored Print", "action_flag": 2, "change_message": "[{\"changed\": {\"fields\": [\"Code\"]}}]"}}, {"model": "admin.logentry", "pk": 51, "fields": {"action_time": "2023-05-19T14:03:34.699Z", "user": 1, "content_type": 8, "object_id": "9", "object_repr": "007 - Large Colored Print", "action_flag": 1, "change_message": "[{\"added\": {}}]"}}, {"model": "admin.logentry", "pk": 52, "fields": {"action_time": "2023-05-19T14:04:37.022Z", "user": 1, "content_type": 8, "object_id": "10", "object_repr": "008 - Special Paper Print", "action_flag": 1, "change_message": "[{\"added\": {}}]"}}, {"model": "admin.logentry", "pk": 53, "fields": {"action_time": "2023-05-19T14:05:50.045Z", "user": 1, "content_type": 8, "object_id": "11", "object_repr": "009 - Laser Colored Print", "action_flag": 1, "change_message": "[{\"added\": {}}]"}}, {"model": "admin.logentry", "pk": 54, "fields": {"action_time": "2023-05-19T14:07:01.286Z", "user": 1, "content_type": 8, "object_id": "12", "object_repr": "0010 - B&W Long, Short, A4 photocopy", "action_flag": 1, "change_message": "[{\"added\": {}}]"}}, {"model": "admin.logentry", "pk": 55, "fields": {"action_time": "2023-05-19T14:07:53.518Z", "user": 1, "content_type": 8, "object_id": "1", "object_repr": "005 - Print Small Colored", "action_flag": 2, "change_message": "[{\"changed\": {\"fields\": [\"Name\"]}}]"}}, {"model": "admin.logentry", "pk": 56, "fields": {"action_time": "2023-05-19T14:08:03.615Z", "user": 1, "content_type": 8, "object_id": "8", "object_repr": "006 - Print Medium Colored", "action_flag": 2, "change_message": "[{\"changed\": {\"fields\": [\"Name\"]}}]"}}, {"model": "admin.logentry", "pk": 57, "fields": {"action_time": "2023-05-19T14:08:19.302Z", "user": 1, "content_type": 8, "object_id": "9", "object_repr": "007 - Print Large Colored", "action_flag": 2, "change_message": "[{\"changed\": {\"fields\": [\"Name\"]}}]"}}, {"model": "admin.logentry", "pk": 58, "fields": {"action_time": "2023-05-19T14:08:30.143Z", "user": 1, "content_type": 8, "object_id": "10", "object_repr": "008 - Print Special Paper", "action_flag": 2, "change_message": "[{\"changed\": {\"fields\": [\"Name\"]}}]"}}, {"model": "admin.logentry", "pk": 59, "fields": {"action_time": "2023-05-19T14:08:53.326Z", "user": 1, "content_type": 8, "object_id": "11", "object_repr": "009 - Print Laser Colored", "action_flag": 2, "change_message": "[{\"changed\": {\"fields\": [\"Name\"]}}]"}}, {"model": "admin.logentry", "pk": 60, "fields": {"action_time": "2023-05-19T14:09:56.522Z", "user": 1, "content_type": 8, "object_id": "12", "object_repr": "0010 - Photocopy B&W Long, Short, A4", "action_flag": 2, "change_message": "[{\"changed\": {\"fields\": [\"Name\"]}}]"}}, {"model": "admin.logentry", "pk": 61, "fields": {"action_time": "2023-05-19T14:10:38.804Z", "user": 1, "content_type": 8, "object_id": "7", "object_repr": "011 - Photocopy A3", "action_flag": 2, "change_message": "[{\"changed\": {\"fields\": [\"Code\", \"Name\", \"Description\", \"Price\"]}}]"}}, {"model": "admin.logentry", "pk": 62, "fields": {"action_time": "2023-05-19T14:12:24.415Z", "user": 1, "content_type": 8, "object_id": "13", "object_repr": "012 - Photocopy Colored Long, Short, A4 - Non Laser", "action_flag": 1, "change_message": "[{\"added\": {}}]"}}, {"model": "admin.logentry", "pk": 63, "fields": {"action_time": "2023-05-19T14:12:58.876Z", "user": 1, "content_type": 8, "object_id": "14", "object_repr": "013 - Photocopy Colored Long, Short, A4 - Laser", "action_flag": 1, "change_message": "[{\"added\": {}}]"}}, {"model": "admin.logentry", "pk": 64, "fields": {"action_time": "2023-05-19T14:13:38.897Z", "user": 1, "content_type": 8, "object_id": "15", "object_repr": "013 - Photocopy Colored A3 Laser", "action_flag": 1, "change_message": "[{\"added\": {}}]"}}, {"model": "admin.logentry", "pk": 65, "fields": {"action_time": "2023-05-19T14:14:26.040Z", "user": 1, "content_type": 8, "object_id": "16", "object_repr": "014 - Soft Bind", "action_flag": 1, "change_message": "[{\"added\": {}}]"}}, {"model": "admin.logentry", "pk": 66, "fields": {"action_time": "2023-05-19T14:14:33.493Z", "user": 1, "content_type": 8, "object_id": "15", "object_repr": "014 - Photocopy Colored A3 Laser", "action_flag": 2, "change_message": "[{\"changed\": {\"fields\": [\"Code\"]}}]"}}, {"model": "admin.logentry", "pk": 67, "fields": {"action_time": "2023-05-19T14:14:37.959Z", "user": 1, "content_type": 8, "object_id": "16", "object_repr": "015 - Soft Bind", "action_flag": 2, "change_message": "[{\"changed\": {\"fields\": [\"Code\"]}}]"}}, {"model": "admin.logentry", "pk": 68, "fields": {"action_time": "2023-05-19T14:15:05.771Z", "user": 1, "content_type": 8, "object_id": "17", "object_repr": "016 - Ring Bind", "action_flag": 1, "change_message": "[{\"added\": {}}]"}}, {"model": "admin.logentry", "pk": 69, "fields": {"action_time": "2023-05-19T14:16:01.848Z", "user": 1, "content_type": 8, "object_id": "18", "object_repr": "017 - hard Bind - standard prize", "action_flag": 1, "change_message": "[{\"added\": {}}]"}}, {"model": "admin.logentry", "pk": 70, "fields": {"action_time": "2023-05-19T14:16:11.752Z", "user": 1, "content_type": 8, "object_id": "17", "object_repr": "016 - Ring Bind - standard", "action_flag": 2, "change_message": "[{\"changed\": {\"fields\": [\"Name\"]}}]"}}, {"model": "admin.logentry", "pk": 71, "fields": {"action_time": "2023-05-19T14:16:19.872Z", "user": 1, "content_type": 8, "object_id": "16", "object_repr": "015 - Soft Bind - Standard", "action_flag": 2, "change_message": "[{\"changed\": {\"fields\": [\"Name\"]}}]"}}, {"model": "admin.logentry", "pk": 72, "fields": {"action_time": "2023-05-19T14:16:26.762Z", "user": 1, "content_type": 8, "object_id": "18", "object_repr": "017 - hard Bind - standard", "action_flag": 2, "change_message": "[{\"changed\": {\"fields\": [\"Name\"]}}]"}}, {"model": "admin.logentry", "pk": 73, "fields": {"action_time": "2023-05-19T23:26:41.069Z", "user": 1, "content_type": 8, "object_id": "19", "object_repr": "018 - Soft bind - Upgrade", "action_flag": 1, "change_message": "[{\"added\": {}}]"}}, {"model": "admin.logentry", "pk": 74, "fields": {"action_time": "2023-05-19T23:27:48.625Z", "user": 1, "content_type": 8, "object_id": "20", "object_repr": "019 - hard Bind - Upgrade", "action_flag": 1, "change_message": "[{\"added\": {}}]"}}, {"model": "admin.logentry", "pk": 75, "fields": {"action_time": "2023-05-19T23:29:28.502Z", "user": 1, "content_type": 8, "object_id": "21", "object_repr": "021 - Ring Bind - Upgrade", "action_flag": 1, "change_message": "[{\"added\": {}}]"}}, {"model": "admin.logentry", "pk": 76, "fields": {"action_time": "2023-05-19T23:29:39.253Z", "user": 1, "content_type": 8, "object_id": "12", "object_repr": "010 - Photocopy B&W Long, Short, A4", "action_flag": 2, "change_message": "[{\"changed\": {\"fields\": [\"Code\"]}}]"}}, {"model": "admin.logentry", "pk": 77, "fields": {"action_time": "2023-05-19T23:29:47.885Z", "user": 1, "content_type": 8, "object_id": "11", "object_repr": "09 - Print Laser Colored", "action_flag": 2, "change_message": "[{\"changed\": {\"fields\": [\"Code\"]}}]"}}, {"model": "admin.logentry", "pk": 78, "fields": {"action_time": "2023-05-19T23:29:56.990Z", "user": 1, "content_type": 8, "object_id": "11", "object_repr": "009 - Print Laser Colored", "action_flag": 2, "change_message": "[{\"changed\": {\"fields\": [\"Code\"]}}]"}}, {"model": "admin.logentry", "pk": 79, "fields": {"action_time": "2023-05-19T23:30:08.767Z", "user": 1, "content_type": 8, "object_id": "21", "object_repr": "020 - Ring Bind - Upgrade", "action_flag": 2, "change_message": "[{\"changed\": {\"fields\": [\"Code\"]}}]"}}, {"model": "admin.logentry", "pk": 80, "fields": {"action_time": "2023-05-19T23:31:15.570Z", "user": 1, "content_type": 8, "object_id": "22", "object_repr": "021 - 2 x 3 ft", "action_flag": 1, "change_message": "[{\"added\": {}}]"}}, {"model": "admin.logentry", "pk": 81, "fields": {"action_time": "2023-05-19T23:32:02.730Z", "user": 1, "content_type": 8, "object_id": "23", "object_repr": "022 - 3 x 3 ft", "action_flag": 1, "change_message": "[{\"added\": {}}]"}}, {"model": "admin.logentry", "pk": 82, "fields": {"action_time": "2023-05-19T23:32:55.643Z", "user": 1, "content_type": 8, "object_id": "24", "object_repr": "023 - 4 x 3 ft", "action_flag": 1, "change_message": "[{\"added\": {}}]"}}, {"model": "admin.logentry", "pk": 83, "fields": {"action_time": "2023-05-19T23:33:27.661Z", "user": 1, "content_type": 8, "object_id": "25", "object_repr": "024 - 4 x 3 ft", "action_flag": 1, "change_message": "[{\"added\": {}}]"}}, {"model": "admin.logentry", "pk": 84, "fields": {"action_time": "2023-05-19T23:34:00.215Z", "user": 1, "content_type": 8, "object_id": "26", "object_repr": "025 - 4 x 5 ft", "action_flag": 1, "change_message": "[{\"added\": {}}]"}}, {"model": "admin.logentry", "pk": 85, "fields": {"action_time": "2023-05-19T23:34:13.809Z", "user": 1, "content_type": 8, "object_id": "25", "object_repr": "024 - 4 x 4 ft", "action_flag": 2, "change_message": "[{\"changed\": {\"fields\": [\"Name\", \"Description\"]}}]"}}, {"model": "admin.logentry", "pk": 86, "fields": {"action_time": "2023-05-19T23:35:01.721Z", "user": 1, "content_type": 8, "object_id": "27", "object_repr": "026 - 5 x 5 ft", "action_flag": 1, "change_message": "[{\"added\": {}}]"}}, {"model": "admin.logentry", "pk": 87, "fields": {"action_time": "2023-05-19T23:35:36.565Z", "user": 1, "content_type": 8, "object_id": "28", "object_repr": "027 - 5 x 6 ft", "action_flag": 1, "change_message": "[{\"added\": {}}]"}}, {"model": "admin.logentry", "pk": 88, "fields": {"action_time": "2023-05-19T23:36:11.146Z", "user": 1, "content_type": 8, "object_id": "29", "object_repr": "028 - 6 x 6 ft", "action_flag": 1, "change_message": "[{\"added\": {}}]"}}, {"model": "admin.logentry", "pk": 89, "fields": {"action_time": "2023-05-19T23:36:41.157Z", "user": 1, "content_type": 8, "object_id": "30", "object_repr": "029 - 6 x 7 ft", "action_flag": 1, "change_message": "[{\"added\": {}}]"}}, {"model": "admin.logentry", "pk": 90, "fields": {"action_time": "2023-05-19T23:37:24.480Z", "user": 1, "content_type": 8, "object_id": "31", "object_repr": "030 - 6 x 8 ft", "action_flag": 1, "change_message": "[{\"added\": {}}]"}}, {"model": "admin.logentry", "pk": 91, "fields": {"action_time": "2023-05-19T23:38:57.113Z", "user": 1, "content_type": 8, "object_id": "21", "object_repr": "020 - Bind Ring  - Upgrade", "action_flag": 2, "change_message": "[{\"changed\": {\"fields\": [\"Name\"]}}]"}}, {"model": "admin.logentry", "pk": 92, "fields": {"action_time": "2023-05-19T23:39:07.794Z", "user": 1, "content_type": 8, "object_id": "20", "object_repr": "019 - Bind  hard - Upgrade", "action_flag": 2, "change_message": "[{\"changed\": {\"fields\": [\"Name\"]}}]"}}, {"model": "admin.logentry", "pk": 93, "fields": {"action_time": "2023-05-19T23:39:19.381Z", "user": 1, "content_type": 8, "object_id": "19", "object_repr": "018 - bind Soft  - Upgrade", "action_flag": 2, "change_message": "[{\"changed\": {\"fields\": [\"Name\"]}}]"}}, {"model": "admin.logentry", "pk": 94, "fields": {"action_time": "2023-05-19T23:39:29.699Z", "user": 1, "content_type": 8, "object_id": "19", "object_repr": "018 - Bind Soft  - Upgrade", "action_flag": 2, "change_message": "[{\"changed\": {\"fields\": [\"Name\"]}}]"}}, {"model": "admin.logentry", "pk": 95, "fields": {"action_time": "2023-05-19T23:39:43.124Z", "user": 1, "content_type": 8, "object_id": "18", "object_repr": "017 - Bind Hard  - standard", "action_flag": 2, "change_message": "[{\"changed\": {\"fields\": [\"Name\"]}}]"}}, {"model": "admin.logentry", "pk": 96, "fields": {"action_time": "2023-05-19T23:39:58.285Z", "user": 1, "content_type": 8, "object_id": "17", "object_repr": "016 - Bind Ring - standard", "action_flag": 2, "change_message": "[{\"changed\": {\"fields\": [\"Name\"]}}]"}}, {"model": "admin.logentry", "pk": 97, "fields": {"action_time": "2023-05-19T23:40:12.830Z", "user": 1, "content_type": 8, "object_id": "16", "object_repr": "015 - Bind Soft - Standard", "action_flag": 2, "change_message": "[{\"changed\": {\"fields\": [\"Name\"]}}]"}}, {"model": "admin.logentry", "pk": 98, "fields": {"action_time": "2023-05-19T23:40:20.045Z", "user": 1, "content_type": 8, "object_id": "20", "object_repr": "019 - Bind  Hard - Upgrade", "action_flag": 2, "change_message": "[{\"changed\": {\"fields\": [\"Name\"]}}]"}}, {"model": "admin.logentry", "pk": 99, "fields": {"action_time": "2023-05-19T23:41:02.088Z", "user": 1, "content_type": 8, "object_id": "22", "object_repr": "021 - Tarpaulin 2 x 3 ft", "action_flag": 2, "change_message": "[{\"changed\": {\"fields\": [\"Name\"]}}]"}}, {"model": "admin.logentry", "pk": 100, "fields": {"action_time": "2023-05-19T23:41:07.487Z", "user": 1, "content_type": 7, "object_id": "3", "object_repr": "Tarpaulin", "action_flag": 2, "change_message": "[{\"changed\": {\"fields\": [\"Name\"]}}]"}}, {"model": "admin.logentry", "pk": 101, "fields": {"action_time": "2023-05-19T23:41:14.874Z", "user": 1, "content_type": 8, "object_id": "23", "object_repr": "022 - Tarpaulin 3 x 3 ft", "action_flag": 2, "change_message": "[{\"changed\": {\"fields\": [\"Name\"]}}]"}}, {"model": "admin.logentry", "pk": 102, "fields": {"action_time": "2023-05-19T23:41:20.249Z", "user": 1, "content_type": 8, "object_id": "24", "object_repr": "023 - Tarpaulin 4 x 3 ft", "action_flag": 2, "change_message": "[{\"changed\": {\"fields\": [\"Name\"]}}]"}}, {"model": "admin.logentry", "pk": 103, "fields": {"action_time": "2023-05-19T23:41:24.896Z", "user": 1, "content_type": 8, "object_id": "25", "object_repr": "024 - Tarpaulin 4 x 4 ft", "action_flag": 2, "change_message": "[{\"changed\": {\"fields\": [\"Name\"]}}]"}}, {"model": "admin.logentry", "pk": 104, "fields": {"action_time": "2023-05-19T23:41:28.808Z", "user": 1, "content_type": 8, "object_id": "26", "object_repr": "025 - Tarpaulin 4 x 5 ft", "action_flag": 2, "change_message": "[{\"changed\": {\"fields\": [\"Name\"]}}]"}}, {"model": "admin.logentry", "pk": 105, "fields": {"action_time": "2023-05-19T23:41:32.329Z", "user": 1, "content_type": 8, "object_id": "27", "object_repr": "026 - Tarpaulin 5 x 5 ft", "action_flag": 2, "change_message": "[{\"changed\": {\"fields\": [\"Name\"]}}]"}}, {"model": "admin.logentry", "pk": 106, "fields": {"action_time": "2023-05-19T23:41:35.928Z", "user": 1, "content_type": 8, "object_id": "28", "object_repr": "027 - Tarpaulin 5 x 6 ft", "action_flag": 2, "change_message": "[{\"changed\": {\"fields\": [\"Name\"]}}]"}}, {"model": "admin.logentry", "pk": 107, "fields": {"action_time": "2023-05-19T23:41:40.050Z", "user": 1, "content_type": 8, "object_id": "29", "object_repr": "028 - Tarpaulin 6 x 6 ft", "action_flag": 2, "change_message": "[{\"changed\": {\"fields\": [\"Name\"]}}]"}}, {"model": "admin.logentry", "pk": 108, "fields": {"action_time": "2023-05-19T23:41:43.983Z", "user": 1, "content_type": 8, "object_id": "30", "object_repr": "029 - Tarpaulin 6 x 7 ft", "action_flag": 2, "change_message": "[{\"changed\": {\"fields\": [\"Name\"]}}]"}}, {"model": "admin.logentry", "pk": 109, "fields": {"action_time": "2023-05-19T23:41:49.089Z", "user": 1, "content_type": 8, "object_id": "31", "object_repr": "030 - Tarpaulin 6 x 8 ft", "action_flag": 2, "change_message": "[{\"changed\": {\"fields\": [\"Name\"]}}]"}}, {"model": "admin.logentry", "pk": 110, "fields": {"action_time": "2023-05-20T14:20:15.701Z", "user": 1, "content_type": 8, "object_id": "32", "object_repr": "031 - Custom - Mug", "action_flag": 1, "change_message": "[{\"added\": {}}]"}}, {"model": "admin.logentry", "pk": 111, "fields": {"action_time": "2023-05-20T14:23:13.700Z", "user": 1, "content_type": 8, "object_id": "33", "object_repr": "032 - Custom - Placks", "action_flag": 1, "change_message": "[{\"added\": {}}]"}}, {"model": "admin.logentry", "pk": 112, "fields": {"action_time": "2023-05-20T14:24:21.451Z", "user": 1, "content_type": 8, "object_id": "34", "object_repr": "033 - Custom - T-shirt", "action_flag": 1, "change_message": "[{\"added\": {}}]"}}, {"model": "admin.logentry", "pk": 113, "fields": {"action_time": "2023-05-20T14:33:35.216Z", "user": 1, "content_type": 8, "object_id": "35", "object_repr": "034 - Custom - Medals", "action_flag": 1, "change_message": "[{\"added\": {}}]"}}, {"model": "admin.logentry", "pk": 114, "fields": {"action_time": "2023-05-20T14:37:13.642Z", "user": 1, "content_type": 7, "object_id": "10", "object_repr": "Risograph", "action_flag": 1, "change_message": "[{\"added\": {}}]"}}, {"model": "admin.logentry", "pk": 115, "fields": {"action_time": "2023-05-20T14:37:49.997Z", "user": 1, "content_type": 8, "object_id": "36", "object_repr": "035 - Laminate - Small", "action_flag": 1, "change_message": "[{\"added\": {}}]"}}, {"model": "admin.logentry", "pk": 116, "fields": {"action_time": "2023-05-20T14:38:33.345Z", "user": 1, "content_type": 8, "object_id": "37", "object_repr": "036 - Laminate - Medium", "action_flag": 1, "change_message": "[{\"added\": {}}]"}}, {"model": "admin.logentry", "pk": 117, "fields": {"action_time": "2023-05-20T14:40:31.109Z", "user": 1, "content_type": 8, "object_id": "38", "object_repr": "037 - Laminate - Large", "action_flag": 1, "change_message": "[{\"added\": {}}]"}}, {"model": "admin.logentry", "pk": 118, "fields": {"action_time": "2023-05-20T15:48:59.445Z", "user": 1, "content_type": 8, "object_id": "39", "object_repr": "038 - Laminate - Short", "action_flag": 1, "change_message": "[{\"added\": {}}]"}}, {"model": "admin.logentry", "pk": 119, "fields": {"action_time": "2023-05-25T14:09:30.725Z", "user": 1, "content_type": 4, "object_id": "2", "object_repr": "yoshilute", "action_flag": 1, "change_message": "[{\"added\": {}}]"}}, {"model": "admin.logentry", "pk": 120, "fields": {"action_time": "2023-05-25T14:09:47.201Z", "user": 1, "content_type": 4, "object_id": "2", "object_repr": "yoshilute", "action_flag": 2, "change_message": "[{\"changed\": {\"fields\": [\"User permissions\", \"Date joined\"]}}]"}}, {"model": "auth.permission", "pk": 1, "fields": {"name": "Can add log entry", "content_type": 1, "codename": "add_logentry"}}, {"model": "auth.permission", "pk": 2, "fields": {"name": "Can change log entry", "content_type": 1, "codename": "change_logentry"}}, {"model": "auth.permission", "pk": 3, "fields": {"name": "Can delete log entry", "content_type": 1, "codename": "delete_logentry"}}, {"model": "auth.permission", "pk": 4, "fields": {"name": "Can view log entry", "content_type": 1, "codename": "view_logentry"}}, {"model": "auth.permission", "pk": 5, "fields": {"name": "Can add permission", "content_type": 2, "codename": "add_permission"}}, {"model": "auth.permission", "pk": 6, "fields": {"name": "Can change permission", "content_type": 2, "codename": "change_permission"}}, {"model": "auth.permission", "pk": 7, "fields": {"name": "Can delete permission", "content_type": 2, "codename": "delete_permission"}}, {"model": "auth.permission", "pk": 8, "fields": {"name": "Can view permission", "content_type": 2, "codename": "view_permission"}}, {"model": "auth.permission", "pk": 9, "fields": {"name": "Can add group", "content_type": 3, "codename": "add_group"}}, {"model": "auth.permission", "pk": 10, "fields": {"name": "Can change group", "content_type": 3, "codename": "change_group"}}, {"model": "auth.permission", "pk": 11, "fields": {"name": "Can delete group", "content_type": 3, "codename": "delete_group"}}, {"model": "auth.permission", "pk": 12, "fields": {"name": "Can view group", "content_type": 3, "codename": "view_group"}}, {"model": "auth.permission", "pk": 13, "fields": {"name": "Can add user", "content_type": 4, "codename": "add_user"}}, {"model": "auth.permission", "pk": 14, "fields": {"name": "Can change user", "content_type": 4, "codename": "change_user"}}, {"model": "auth.permission", "pk": 15, "fields": {"name": "Can delete user", "content_type": 4, "codename": "delete_user"}}, {"model": "auth.permission", "pk": 16, "fields": {"name": "Can view user", "content_type": 4, "codename": "view_user"}}, {"model": "auth.permission", "pk": 17, "fields": {"name": "Can add content type", "content_type": 5, "codename": "add_contenttype"}}, {"model": "auth.permission", "pk": 18, "fields": {"name": "Can change content type", "content_type": 5, "codename": "change_contenttype"}}, {"model": "auth.permission", "pk": 19, "fields": {"name": "Can delete content type", "content_type": 5, "codename": "delete_contenttype"}}, {"model": "auth.permission", "pk": 20, "fields": {"name": "Can view content type", "content_type": 5, "codename": "view_contenttype"}}, {"model": "auth.permission", "pk": 21, "fields": {"name": "Can add session", "content_type": 6, "codename": "add_session"}}, {"model": "auth.permission", "pk": 22, "fields": {"name": "Can change session", "content_type": 6, "codename": "change_session"}}, {"model": "auth.permission", "pk": 23, "fields": {"name": "Can delete session", "content_type": 6, "codename": "delete_session"}}, {"model": "auth.permission", "pk": 24, "fields": {"name": "Can view session", "content_type": 6, "codename": "view_session"}}, {"model": "auth.permission", "pk": 25, "fields": {"name": "Can add category", "content_type": 7, "codename": "add_category"}}, {"model": "auth.permission", "pk": 26, "fields": {"name": "Can change category", "content_type": 7, "codename": "change_category"}}, {"model": "auth.permission", "pk": 27, "fields": {"name": "Can delete category", "content_type": 7, "codename": "delete_category"}}, {"model": "auth.permission", "pk": 28, "fields": {"name": "Can view category", "content_type": 7, "codename": "view_category"}}, {"model": "auth.permission", "pk": 29, "fields": {"name": "Can add products", "content_type": 8, "codename": "add_products"}}, {"model": "auth.permission", "pk": 30, "fields": {"name": "Can change products", "content_type": 8, "codename": "change_products"}}, {"model": "auth.permission", "pk": 31, "fields": {"name": "Can delete products", "content_type": 8, "codename": "delete_products"}}, {"model": "auth.permission", "pk": 32, "fields": {"name": "Can view products", "content_type": 8, "codename": "view_products"}}, {"model": "auth.permission", "pk": 33, "fields": {"name": "Can add sales", "content_type": 9, "codename": "add_sales"}}, {"model": "auth.permission", "pk": 34, "fields": {"name": "Can change sales", "content_type": 9, "codename": "change_sales"}}, {"model": "auth.permission", "pk": 35, "fields": {"name": "Can delete sales", "content_type": 9, "codename": "delete_sales"}}, {"model": "auth.permission", "pk": 36, "fields": {"name": "Can view sales", "content_type": 9, "codename": "view_sales"}}, {"model": "auth.permission", "pk": 37, "fields": {"name": "Can add sales items", "content_type": 10, "codename": "add_salesitems"}}, {"model": "auth.permission", "pk": 38, "fields": {"name": "Can change sales items", "content_type": 10, "codename": "change_salesitems"}}, {"model": "auth.permission", "pk": 39, "fields": {"name": "Can delete sales items", "content_type": 10, "codename": "delete_salesitems"}}, {"model": "auth.permission", "pk": 40, "fields": {"name": "Can view sales items", "content_type": 10, "codename": "view_salesitems"}}, {"model": "auth.user", "pk": 1, "fields": {"password": "pbkdf2_sha256$600000$RTYXwojHYoDAfDLCTUwmOg$zi0uAuhrcxrpU1mK6go9XmKCGFWZwRPO0ci/7+JXghk=", "last_login": "2023-05-25T17:25:11.803Z", "is_superuser": true, "username": "admin", "first_name": "Administrator", "last_name": "", "email": "admin@admin.com", "is_staff": true, "is_active": true, "date_joined": "2022-03-04T01:27:51Z", "groups": [], "user_permissions": []}}, {"model": "auth.user", "pk": 2, "fields": {"password": "pbkdf2_sha256$600000$ICJb79NJVNrXIv5lFS79lK$GZAHiaWSIUbzP3RSvQ1b3cXWwSbo9rX1FrPg3vPH15c=", "last_login": "2023-05-25T14:11:10.848Z", "is_superuser": false, "username": "yoshilute", "first_name": "", "last_name": "", "email": "", "is_staff": false, "is_active": true, "date_joined": "2023-05-25T14:09:46Z", "groups": [], "user_permissions": [25, 26, 27, 28, 29, 30, 31, 32, 33, 34, 35, 36, 37, 38, 39, 40]}}, {"model": "auth.user", "pk": 3, "fields": {"password": "pbkdf2_sha256$720000$PdvfIgyWqWKAmmNzZMdS4X$vKKRiEMUwm3a8D2wwzvdG0Ta+p6Wnrxf6M5JuM+5+Uc=", "last_login": "2024-03-10T16:51:07.496Z", "is_superuser": true, "username": "123123", "first_name": "", "last_name": "", "email": "123@123.com", "is_staff": true, "is_active": true, "date_joined": "2024-02-23T08:33:22.658Z", "groups": [], "user_permissions": []}}, {"model": "contenttypes.contenttype", "pk": 1, "fields": {"app_label": "admin", "model": "logentry"}}, {"model": "contenttypes.contenttype", "pk": 2, "fields": {"app_label": "auth", "model": "permission"}}, {"model": "contenttypes.contenttype", "pk": 3, "fields": {"app_label": "auth", "model": "group"}}, {"model": "contenttypes.contenttype", "pk": 4, "fields": {"app_label": "auth", "model": "user"}}, {"model": "contenttypes.contenttype", "pk": 5, "fields": {"app_label": "contenttypes", "model": "contenttype"}}, {"model": "contenttypes.contenttype", "pk": 6, "fields": {"app_label": "sessions", "model": "session"}}, {"model": "contenttypes.contenttype", "pk": 7, "fields": {"app_label": "posApp", "model": "category"}}, {"model": "contenttypes.contenttype", "pk": 8, "fields": {"app_label": "posApp", "model": "products"}}, {"model": "contenttypes.contenttype", "pk": 9, "fields": {"app_label": "posApp", "model": "sales"}}, {"model": "contenttypes.contenttype", "pk": 10, "fields": {"app_label": "posApp", "model": "salesitems"}}, {"model": "sessions.session", "pk": "0h1dydtlhrcaied0e5y4aljd4tdh2ycu", "fields": {"session_data": ".eJxVjE0OwiAYBe_C2hBKRahL9z0D-f6QqoGktCvj3Q1JF7p9M_PeKsK-5bg3WePC6qoGdfrdEOgppQN-QLlXTbVs64K6K_qgTc-V5XU73L-DDC33OqVkABM6w-7sR2bxZLxFYWeMD-NAKORxIjSOkkXnkANcmKdkIYzq8wUkMjl3:1q0Onp:fSoLQx7He-E4pfXMGE17QVQwpQiP2zx1fgwfWUQHi9g", "expire_date": "2023-06-03T15:47:29.394Z"}}, {"model": "sessions.session", "pk": "42kpzfv40h8gbmxmswvhiuwehw9z26dj", "fields": {"session_data": ".eJxVjDsOwjAQBe_iGlmsHZaYkj5niPZnHECJFCcV4u4QKQW0b2bey_W0LqVfq839oO7iwB1-NyZ52LgBvdN4m7xM4zIP7DfF77T6blJ7Xnf376BQLd-aORpgQyYptAFRTaAVPAWO2GQWPqekQtIKC9BRkyqkADFjZkuC7v0BCD05JQ:1nQMjp:EUgjIh2W65Dd3daWFYb8MN6WfNnLhF09MtTju5V01S4", "expire_date": "2022-03-19T05:13:53.055Z"}}, {"model": "sessions.session", "pk": "9j5tbplpxoj4cd5jo4lxu9fajtlsximm", "fields": {"session_data": ".eJxVjDsOwjAQBe_iGlmsHZaYkj5niPZnHECJFCcV4u4QKQW0b2bey_W0LqVfq839oO7iwB1-NyZ52LgBvdN4m7xM4zIP7DfF77T6blJ7Xnf376BQLd-aORpgQyYptAFRTaAVPAWO2GQWPqekQtIKC9BRkyqkADFjZkuC7v0BCD05JQ:1nPxCE:YgjhEZlsGheHlT-WbhRr9LqX7VbbtQCVzrQPYA65xbQ", "expire_date": "2022-03-18T01:57:30.559Z"}}, {"model": "sessions.session", "pk": "bda0fmbxt0z4zwee1p7gt3tszr3sxua2", "fields": {"session_data": ".eJxVjMsOwiAQRf-FtSEtIwy4dO83kBkeUjWQlHZl_HfbpAvdnnPufQtP61L82tPspyguAsTplzGFZ6q7iA-q9yZDq8s8sdwTedguby2m1_Vo_w4K9bKtjQrsUCcNwwgRwASbHZImZ1wgxUbnpPDMMNCGwYIzYC0j5pEAdRSfL8ztNy8:1rdR01:6dRYfvwnAk0pmwNHW7O45TRUddJ6BWv1YX9vCVRk1Yc", "expire_date": "2024-03-08T08:33:41.204Z"}}, {"model": "sessions.session", "pk": "drpc5fcwywvxttz0oe20jm1gxoifbw5h", "fields": {"session_data": ".eJxVjE0OwiAYBe_C2hBKRahL9z0D-f6QqoGktCvj3Q1JF7p9M_PeKsK-5bg3WePC6qoGdfrdEOgppQN-QLlXTbVs64K6K_qgTc-V5XU73L-DDC33OqVkABM6w-7sR2bxZLxFYWeMD-NAKORxIjSOkkXnkANcmKdkIYzq8wUkMjl3:1pyXAO:II5qrSujhEu3YGLrxFV3yUpKXtHGKHzmxdnVZcgjE3M", "expire_date": "2023-05-29T12:19:04.038Z"}}, {"model": "sessions.session", "pk": "goaj9ekuujcjrysccn2j0lhj5bebevw7", "fields": {"session_data": ".eJxVjE0OwiAYBe_C2hBKRahL9z0D-f6QqoGktCvj3Q1JF7p9M_PeKsK-5bg3WePC6qoGdfrdEOgppQN-QLlXTbVs64K6K_qgTc-V5XU73L-DDC33OqVkABM6w-7sR2bxZLxFYWeMD-NAKORxIjSOkkXnkANcmKdkIYzq8wUkMjl3:1q2Ei7:-jjIfZhuhUlWGz8AwBLfr8w82etBcykuQuKNVht2JyM", "expire_date": "2023-06-08T17:25:11.809Z"}}, {"model": "sessions.session", "pk": "tdsyfttq8nsv019w356krlt2ffjorlqn", "fields": {"session_data": ".eJxVjDsOwjAQBe_iGlmsHZaYkj5niPZnHECJFCcV4u4QKQW0b2bey_W0LqVfq839oO7iwB1-NyZ52LgBvdN4m7xM4zIP7DfF77T6blJ7Xnf376BQLd-aORpgQyYptAFRTaAVPAWO2GQWPqekQtIKC9BRkyqkADFjZkuC7v0BCD05JQ:1nQIKi:RIJblgwCzcQzouAAaaMWB1-Mp4oUuciyiDce6TqXLNI", "expire_date": "2022-03-19T00:31:40.966Z"}}, {"model": "sessions.session", "pk": "tq6tkv19am7oe6cqw09669s10h94ioxp", "fields": {"session_data": ".eJxVjMsOwiAQRf-FtSEtIwy4dO83kBkeUjWQlHZl_HfbpAvdnnPufQtP61L82tPspyguAsTplzGFZ6q7iA-q9yZDq8s8sdwTedguby2m1_Vo_w4K9bKtjQrsUCcNwwgRwASbHZImZ1wgxUbnpPDMMNCGwYIzYC0j5pEAdRSfL8ztNy8:1ridlh:i66i3ZFoJtfOxrQ-Wu1iy74hotN6RSNh1RKoPD1yiDU", "expire_date": "2024-03-22T17:12:25.356Z"}}, {"model": "sessions.session", "pk": "twk3fj1xz3mpnu8mophbdkupq6jiv2f0", "fields": {"session_data": ".eJxVjE0OwiAYBe_C2hBKRahL9z0D-f6QqoGktCvj3Q1JF7p9M_PeKsK-5bg3WePC6qoGdfrdEOgppQN-QLlXTbVs64K6K_qgTc-V5XU73L-DDC33OqVkABM6w-7sR2bxZLxFYWeMD-NAKORxIjSOkkXnkANcmKdkIYzq8wUkMjl3:1q2Bgw:2b7QPErq945rud2gvwsvZBHbnoDHcaqmd6APDJy1JY4", "expire_date": "2023-06-08T14:11:46.681Z"}}, {"model": "sessions.session", "pk": "v3jlxn0d88trkfq4ryfemqrx09v4i014", "fields": {"session_data": ".eJxVjE0OwiAYBe_C2hBKRahL9z0D-f6QqoGktCvj3Q1JF7p9M_PeKsK-5bg3WePC6qoGdfrdEOgppQN-QLlXTbVs64K6K_qgTc-V5XU73L-DDC33OqVkABM6w-7sR2bxZLxFYWeMD-NAKORxIjSOkkXnkANcmKdkIYzq8wUkMjl3:1pyu0E:7k9Ffa4R9IrnI_0m2P_gO2UD_T4RL2EGE5aUApHjJcA", "expire_date": "2023-05-30T12:42:06.920Z"}}, {"model": "sessions.session", "pk": "v86txu3dragmceuz0530wswov0449pj4", "fields": {"session_data": ".eJxVjMsOwiAQRf-FtSEtIwy4dO83kBkeUjWQlHZl_HfbpAvdnnPufQtP61L82tPspyguAsTplzGFZ6q7iA-q9yZDq8s8sdwTedguby2m1_Vo_w4K9bKtjQrsUCcNwwgRwASbHZImZ1wgxUbnpPDMMNCGwYIzYC0j5pEAdRSfL8ztNy8:1reYAY:PjKygVhfg9uFZEF62Pyknft-QdjoNP6Rd9TSXTi1hyU", "expire_date": "2024-03-11T10:25:10.491Z"}}, {"model": "sessions.session", "pk": "ybhsnoh4fpm06xv6il0afpo6ilase49f", "fields": {"session_data": ".eJxVjMsOwiAQRf-FtSEtIwy4dO83kBkeUjWQlHZl_HfbpAvdnnPufQtP61L82tPspyguAsTplzGFZ6q7iA-q9yZDq8s8sdwTedguby2m1_Vo_w4K9bKtjQrsUCcNwwgRwASbHZImZ1wgxUbnpPDMMNCGwYIzYC0j5pEAdRSfL8ztNy8:1rjMOB:GYaHh2cGZ60R7NcMJ3YQzC_uyrMxVrgznbBeD9hRXRQ", "expire_date": "2024-03-24T16:51:07.583Z"}}, {"model": "posApp.category", "pk": 1, "fields": {"name": "Photocopy", "description": "Laser Copy", "status": 1, "date_added": "2022-03-04T02:30:24Z", "date_updated": "2023-05-18T13:36:50.257Z"}}, {"model": "posApp.category", "pk": 2, "fields": {"name": "Book Binding", "description": "Soft, Ring, Hard Binding", "status": 1, "date_added": "2022-03-04T02:31:17Z", "date_updated": "2023-05-18T13:35:22.622Z"}}, {"model": "posApp.category", "pk": 3, "fields": {"name": "Tarpaulin", "description": "Tarpauline printing", "status": 1, "date_added": "2022-03-04T02:31:50Z", "date_updated": "2023-05-19T23:41:07.485Z"}}, {"model": "posApp.category", "pk": 4, "fields": {"name": "Customization", "description": "Mugs, Placard, T-Shirt", "status": 1, "date_added": "2022-03-04T02:32:35Z", "date_updated": "2023-05-18T13:34:34.876Z"}}, {"model": "posApp.category", "pk": 5, "fields": {"name": "Laminate", "description": "Lamination", "status": 1, "date_added": "2022-03-04T02:36:41Z", "date_updated": "2023-05-18T13:33:43.937Z"}}, {"model": "posApp.category", "pk": 8, "fields": {"name": "Print", "description": "B&W and Colored print", "status": 1, "date_added": "2022-03-05T05:14:20Z", "date_updated": "2023-05-18T13:37:17.467Z"}}, {"model": "posApp.category", "pk": 10, "fields": {"name": "Risograph", "description": "Riso", "status": 1, "date_added": "2023-05-20T14:36:57Z", "date_updated": "2023-05-20T14:37:13.640Z"}}, {"model": "posApp.products", "pk": 1, "fields": {"code": "005", "category_id": 8, "name": "Print Small Colored", "description": "Small colored size document print", "price": 3.0, "status": 1, "date_added": "2022-03-04T04:08:19Z", "date_updated": "2023-05-19T14:07:53.515Z"}}, {"model": "posApp.products", "pk": 2, "fields": {"code": "004", "category_id": 8, "name": "Print B&W - A3", "description": "A3 Print B&W", "price": 15.0, "status": 1, "date_added": "2022-03-04T04:50:50Z", "date_updated": "2023-05-18T13:44:24.866Z"}}, {"model": "posApp.products", "pk": 3, "fields": {"code": "003", "category_id": 8, "name": "Print B&W - Long", "description": "Long Print B&W", "price": 2.0, "status": 1, "date_added": "2022-03-05T02:48:29Z", "date_updated": "2023-05-18T13:44:16.942Z"}}, {"model": "posApp.products", "pk": 4, "fields": {"code": "002", "category_id": 8, "name": "Print B&W - A4", "description": "A4 print B&W", "price": 2.0, "status": 1, "date_added": "2022-03-05T05:15:23Z", "date_updated": "2023-05-18T13:44:08.436Z"}}, {"model": "posApp.products", "pk": 5, "fields": {"code": "001", "category_id": 8, "name": "Print B&W - Short", "description": "Short Print B&W", "price": 2.0, "status": 1, "date_added": "2022-03-05T05:16:00Z", "date_updated": "2023-05-18T13:44:02.612Z"}}, {"model": "posApp.products", "pk": 7, "fields": {"code": "011", "category_id": 1, "name": "Photocopy A3", "description": "A3 Photocopy", "price": 15.0, "status": 1, "date_added": "2023-05-18T13:42:38Z", "date_updated": "2023-05-19T14:10:38.802Z"}}, {"model": "posApp.products", "pk": 8, "fields": {"code": "006", "category_id": 8, "name": "Print Medium Colored", "description": "Medium size colored", "price": 5.0, "status": 1, "date_added": "2023-05-19T14:01:22Z", "date_updated": "2023-05-19T14:08:03.613Z"}}, {"model": "posApp.products", "pk": 9, "fields": {"code": "007", "category_id": 8, "name": "Print Large Colored", "description": "Large Colored Size", "price": 10.0, "status": 1, "date_added": "2023-05-19T14:02:23Z", "date_updated": "2023-05-19T14:08:19.300Z"}}, {"model": "posApp.products", "pk": 10, "fields": {"code": "008", "category_id": 8, "name": "Print Special Paper", "description": "Special paper printing like parchment, vellum and ect.", "price": 25.0, "status": 1, "date_added": "2023-05-19T14:03:44Z", "date_updated": "2023-05-19T14:08:30.141Z"}}, {"model": "posApp.products", "pk": 11, "fields": {"code": "009", "category_id": 8, "name": "Print Laser Colored", "description": "Fujixerox Laser print colored small, medium and large.", "price": 35.0, "status": 1, "date_added": "2023-05-19T14:04:45Z", "date_updated": "2023-05-19T23:29:56.988Z"}}, {"model": "posApp.products", "pk": 12, "fields": {"code": "010", "category_id": 1, "name": "Photocopy B&W Long, Short, A4", "description": "B&W Long, Short, A4 photocopy", "price": 2.0, "status": 1, "date_added": "2023-05-19T14:06:03Z", "date_updated": "2023-05-19T23:29:39.251Z"}}, {"model": "posApp.products", "pk": 13, "fields": {"code": "012", "category_id": 1, "name": "Photocopy Colored Long, Short, A4 - Non Laser", "description": "Colored Long, Short, A4 photocopy not Laser", "price": 15.0, "status": 1, "date_added": "2023-05-19T14:10:49Z", "date_updated": "2023-05-19T14:12:24.413Z"}}, {"model": "posApp.products", "pk": 14, "fields": {"code": "013", "category_id": 1, "name": "Photocopy Colored Long, Short, A4 - Laser", "description": "laser Print Photocopy Colored Long, Short, A4", "price": 35.0, "status": 1, "date_added": "2023-05-19T14:12:28Z", "date_updated": "2023-05-19T14:12:58.874Z"}}, {"model": "posApp.products", "pk": 15, "fields": {"code": "014", "category_id": 1, "name": "Photocopy Colored A3 Laser", "description": "A3 size photocopy Laser", "price": 40.0, "status": 1, "date_added": "2023-05-19T14:13:04Z", "date_updated": "2023-05-19T14:14:33.491Z"}}, {"model": "posApp.products", "pk": 16, "fields": {"code": "015", "category_id": 2, "name": "Bind Soft - Standard", "description": "Soft Binding", "price": 60.0, "status": 1, "date_added": "2023-05-19T14:13:49Z", "date_updated": "2023-05-19T23:40:12.828Z"}}, {"model": "posApp.products", "pk": 17, "fields": {"code": "016", "category_id": 2, "name": "Bind Ring - standard", "description": "Ring Binding", "price": 70.0, "status": 1, "date_added": "2023-05-19T14:14:40Z", "date_updated": "2023-05-19T23:39:58.283Z"}}, {"model": "posApp.products", "pk": 18, "fields": {"code": "017", "category_id": 2, "name": "Bind Hard  - standard", "description": "Hard binding", "price": 350.0, "status": 1, "date_added": "2023-05-19T14:15:17Z", "date_updated": "2023-05-19T23:39:43.122Z"}}, {"model": "posApp.products", "pk": 19, "fields": {"code": "018", "category_id": 2, "name": "Bind Soft  - Upgrade", "description": "Customized soft bind like adding transparent cover ect.", "price": 80.0, "status": 1, "date_added": "2023-05-19T23:24:30Z", "date_updated": "2023-05-19T23:39:29.697Z"}}, {"model": "posApp.products", "pk": 20, "fields": {"code": "019", "category_id": 2, "name": "Bind  Hard - Upgrade", "description": "Adding Sticker and customization of the hard binding", "price": 450.0, "status": 1, "date_added": "2023-05-19T23:27:10Z", "date_updated": "2023-05-19T23:40:20.043Z"}}, {"model": "posApp.products", "pk": 21, "fields": {"code": "020", "category_id": 2, "name": "Bind Ring  - Upgrade", "description": "Customize Ring Bind like double transparent cover and back ect.", "price": 80.0, "status": 1, "date_added": "2023-05-19T23:28:00Z", "date_updated": "2023-05-19T23:38:57.111Z"}}, {"model": "posApp.products", "pk": 22, "fields": {"code": "021", "category_id": 3, "name": "Tarpaulin 2 x 3 ft", "description": "2 x 3 size", "price": 90.0, "status": 1, "date_added": "2023-05-19T23:30:41Z", "date_updated": "2023-05-19T23:41:02.085Z"}}, {"model": "posApp.products", "pk": 23, "fields": {"code": "022", "category_id": 3, "name": "Tarpaulin 3 x 3 ft", "description": "size 3 x 3 ft", "price": 135.0, "status": 1, "date_added": "2023-05-19T23:31:33Z", "date_updated": "2023-05-19T23:41:14.872Z"}}, {"model": "posApp.products", "pk": 24, "fields": {"code": "023", "category_id": 3, "name": "Tarpaulin 4 x 3 ft", "description": "4 x 3 ft size", "price": 180.0, "status": 1, "date_added": "2023-05-19T23:32:39Z", "date_updated": "2023-05-19T23:41:20.247Z"}}, {"model": "posApp.products", "pk": 25, "fields": {"code": "024", "category_id": 3, "name": "Tarpaulin 4 x 4 ft", "description": "4 x 4 ft size", "price": 240.0, "status": 1, "date_added": "2023-05-19T23:32:57Z", "date_updated": "2023-05-19T23:41:24.894Z"}}, {"model": "posApp.products", "pk": 26, "fields": {"code": "025", "category_id": 3, "name": "Tarpaulin 4 x 5 ft", "description": "4 x 5 ft size", "price": 300.0, "status": 1, "date_added": "2023-05-19T23:33:29Z", "date_updated": "2023-05-19T23:41:28.806Z"}}, {"model": "posApp.products", "pk": 27, "fields": {"code": "026", "category_id": 3, "name": "Tarpaulin 5 x 5 ft", "description": "5 x 5 ft size", "price": 375.0, "status": 1, "date_added": "2023-05-19T23:34:41Z", "date_updated": "2023-05-19T23:41:32.327Z"}}, {"model": "posApp.products", "pk": 28, "fields": {"code": "027", "category_id": 3, "name": "Tarpaulin 5 x 6 ft", "description": "5 x 6 ft size", "price": 450.0, "status": 1, "date_added": "2023-05-19T23:35:04Z", "date_updated": "2023-05-19T23:41:35.926Z"}}, {"model": "posApp.products", "pk": 29, "fields": {"code": "028", "category_id": 3, "name": "Tarpaulin 6 x 6 ft", "description": "6 x 6 ft size", "price": 540.0, "status": 1, "date_added": "2023-05-19T23:35:42Z", "date_updated": "2023-05-19T23:41:40.047Z"}}, {"model": "posApp.products", "pk": 30, "fields": {"code": "029", "category_id": 3, "name": "Tarpaulin 6 x 7 ft", "description": "6 x 7 ft size", "price": 630.0, "status": 1, "date_added": "2023-05-19T23:36:17Z", "date_updated": "2023-05-19T23:41:43.981Z"}}, {"model": "posApp.products", "pk": 31, "fields": {"code": "030", "category_id": 3, "name": "Tarpaulin 6 x 8 ft", "description": "6 x 8 ft size", "price": 720.0, "status": 1, "date_added": "2023-05-19T23:36:48Z", "date_updated": "2023-05-19T23:41:49.087Z"}}, {"model": "posApp.products", "pk": 32, "fields": {"code": "031", "category_id": 4, "name": "Custom - Mug", "description": "Mag Printing", "price": 150.0, "status": 1, "date_added": "2023-05-20T14:19:30Z", "date_updated": "2023-05-20T14:20:15.698Z"}}, {"model": "posApp.products", "pk": 33, "fields": {"code": "032", "category_id": 4, "name": "Custom - Placks", "description": "Placks for Vehicles", "price": 150.0, "status": 1, "date_added": "2023-05-20T14:20:38Z", "date_updated": "2023-05-20T14:23:13.697Z"}}, {"model": "posApp.products", "pk": 34, "fields": {"code": "033", "category_id": 4, "name": "Custom - T-shirt", "description": "T-shirt Printing", "price": 150.0, "status": 1, "date_added": "2023-05-20T14:23:18Z", "date_updated": "2023-05-20T14:24:21.446Z"}}, {"model": "posApp.products", "pk": 35, "fields": {"code": "034", "category_id": 4, "name": "Custom - Medals", "description": "Medals for school", "price": 25.0, "status": 1, "date_added": "2023-05-20T14:24:32Z", "date_updated": "2023-05-20T14:33:35.212Z"}}, {"model": "posApp.products", "pk": 36, "fields": {"code": "035", "category_id": 5, "name": "Laminate - Small", "description": "Small size Laminate", "price": 20.0, "status": 1, "date_added": "2023-05-20T14:37:17Z", "date_updated": "2023-05-20T14:37:49.995Z"}}, {"model": "posApp.products", "pk": 37, "fields": {"code": "036", "category_id": 5, "name": "Laminate - Medium", "description": "Medium size laminate", "price": 30.0, "status": 1, "date_added": "2023-05-20T14:38:00Z", "date_updated": "2023-05-20T14:38:33.343Z"}}, {"model": "posApp.products", "pk": 38, "fields": {"code": "037", "category_id": 5, "name": "Laminate - Large", "description": "Large size Laminate", "price": 40.0, "status": 1, "date_added": "2023-05-20T14:38:47Z", "date_updated": "2023-05-20T14:40:31.107Z"}}, {"model": "posApp.products", "pk": 39, "fields": {"code": "038", "category_id": 5, "name": "Laminate - Short", "description": "Short Lamination size", "price": 70.0, "status": 1, "date_added": "2023-05-20T15:48:32Z", "date_updated": "2023-05-20T15:48:59.442Z"}}, {"model": "posApp.sales", "pk": 25, "fields": {"code": "404400002", "sub_total": 725.0, "grand_total": 725.0, "tax_amount": 87.0, "tax": 12.0, "tendered_amount": 1000.0, "amount_change": 275.0, "date_added": "2022-03-05T00:34:10.674Z", "date_updated": "2022-03-05T00:34:10.674Z"}}, {"model": "posApp.sales", "pk": 27, "fields": {"code": "404400003", "sub_total": 6000.0, "grand_total": 6000.0, "tax_amount": 720.0, "tax": 12.0, "tendered_amount": 6000.0, "amount_change": 0.0, "date_added": "2022-03-05T01:54:26.474Z", "date_updated": "2022-03-05T01:54:26.475Z"}}, {"model": "posApp.sales", "pk": 29, "fields": {"code": "404400005", "sub_total": 863.25, "grand_total": 863.25, "tax_amount": 103.58999999999999, "tax": 12.0, "tendered_amount": 1000.0, "amount_change": 136.75, "date_added": "2022-03-05T02:48:56.301Z", "date_updated": "2022-03-05T02:48:56.301Z"}}, {"model": "posApp.sales", "pk": 30, "fields": {"code": "404400006", "sub_total": 1432.5, "grand_total": 1432.5, "tax_amount": 171.9, "tax": 12.0, "tendered_amount": 1500.0, "amount_change": 67.5, "date_added": "2022-03-05T03:10:07.853Z", "date_updated": "2022-03-05T03:10:07.853Z"}}, {"model": "posApp.sales", "pk": 31, "fields": {"code": "404400007", "sub_total": 4080.0, "grand_total": 4080.0, "tax_amount": 489.59999999999997, "tax": 12.0, "tendered_amount": 4100.0, "amount_change": 20.0, "date_added": "2022-03-05T05:18:05.987Z", "date_updated": "2022-03-05T05:18:05.988Z"}}, {"model": "posApp.sales", "pk": 32, "fields": {"code": "404600001", "sub_total": 150.75, "grand_total": 150.75, "tax_amount": 0.0, "tax": 0.0, "tendered_amount": 200.0, "amount_change": 49.25, "date_added": "2023-05-10T17:20:50.753Z", "date_updated": "2023-05-10T17:20:50.754Z"}}, {"model": "posApp.sales", "pk": 33, "fields": {"code": "404600002", "sub_total": 50.0, "grand_total": 50.0, "tax_amount": 0.0, "tax": 0.0, "tendered_amount": 0.0, "amount_change": 0.0, "date_added": "2023-05-10T17:30:09.542Z", "date_updated": "2023-05-10T17:30:09.542Z"}}, {"model": "posApp.sales", "pk": 34, "fields": {"code": "404600003", "sub_total": 607.5, "grand_total": 607.5, "tax_amount": 0.0, "tax": 0.0, "tendered_amount": 700.0, "amount_change": 92.5, "date_added": "2023-05-15T12:18:17.723Z", "date_updated": "2023-05-15T12:18:17.723Z"}}, {"model": "posApp.sales", "pk": 35, "fields": {"code": "404600004", "sub_total": 5155.0, "grand_total": 5155.0, "tax_amount": 0.0, "tax": 0.0, "tendered_amount": 6000.0, "amount_change": 845.0, "date_added": "2023-05-15T12:20:28.939Z", "date_updated": "2023-05-15T12:20:28.939Z"}}, {"model": "posApp.sales", "pk": 36, "fields": {"code": "404600005", "sub_total": 50.0, "grand_total": 50.0, "tax_amount": 0.0, "tax": 0.0, "tendered_amount": 100.0, "amount_change": 50.0, "date_added": "2023-05-16T12:46:12.804Z", "date_updated": "2023-05-16T12:46:12.804Z"}}, {"model": "posApp.sales", "pk": 37, "fields": {"code": "404600006", "sub_total": 354.0, "grand_total": 354.0, "tax_amount": 0.0, "tax": 0.0, "tendered_amount": 0.0, "amount_change": 0.0, "date_added": "2023-05-20T15:55:35.928Z", "date_updated": "2023-05-20T15:55:35.928Z"}}, {"model": "posApp.sales", "pk": 38, "fields": {"code": "404600007", "sub_total": 15.0, "grand_total": 15.0, "tax_amount": 0.0, "tax": 0.0, "tendered_amount": 0.0, "amount_change": 0.0, "date_added": "2023-05-25T14:16:26.399Z", "date_updated": "2023-05-25T14:16:26.399Z"}}, {"model": "posApp.sales", "pk": 39, "fields": {"code": "404600008", "sub_total": 4.0, "grand_total": 4.0, "tax_amount": 0.0, "tax": 0.0, "tendered_amount": 4.0, "amount_change": 0.0, "date_added": "2023-05-25T14:35:31.616Z", "date_updated": "2023-05-25T14:35:31.616Z"}}, {"model": "posApp.sales", "pk": 40, "fields": {"code": "404800001", "sub_total": 3.0, "grand_total": 3.0, "tax_amount": 0.0, "tax": 0.0, "tendered_amount": 100.0, "amount_change": 97.0, "date_added": "2024-02-24T06:57:05.247Z", "date_updated": "2024-02-24T06:57:05.248Z"}}, {"model": "posApp.sales", "pk": 41, "fields": {"code": "404800002", "sub_total": 30.0, "grand_total": 30.0, "tax_amount": 0.0, "tax": 0.0, "tendered_amount": 0.0, "amount_change": 0.0, "date_added": "2024-02-26T10:32:25.742Z", "date_updated": "2024-02-26T10:32:25.743Z"}}, {"model": "posApp.salesitems", "pk": 3, "fields": {"sale_id": 25, "product_id": 2, "price": 50.0, "qty": 10.0, "total": 500.0}}, {"model": "posApp.salesitems", "pk": 4, "fields": {"sale_id": 25, "product_id": 1, "price": 15.0, "qty": 15.0, "total": 225.0}}, {"model": "posApp.salesitems", "pk": 6, "fields": {"sale_id": 27, "product_id": 2, "price": 50.0, "qty": 120.0, "total": 6000.0}}, {"model": "posApp.salesitems", "pk": 9, "fields": {"sale_id": 29, "product_id": 3, "price": 55.75, "qty": 11.0, "total": 613.25}}, {"model": "posApp.salesitems", "pk": 10, "fields": {"sale_id": 29, "product_id": 2, "price": 50.0, "qty": 5.0, "total": 250.0}}, {"model": "posApp.salesitems", "pk": 11, "fields": {"sale_id": 30, "product_id": 2, "price": 50.0, "qty": 10.0, "total": 500.0}}, {"model": "posApp.salesitems", "pk": 12, "fields": {"sale_id": 30, "product_id": 1, "price": 15.0, "qty": 25.0, "total": 375.0}}, {"model": "posApp.salesitems", "pk": 13, "fields": {"sale_id": 30, "product_id": 3, "price": 55.75, "qty": 10.0, "total": 557.5}}, {"model": "posApp.salesitems", "pk": 14, "fields": {"sale_id": 31, "product_id": 4, "price": 51.55, "qty": 50.0, "total": 2577.5}}, {"model": "posApp.salesitems", "pk": 15, "fields": {"sale_id": 31, "product_id": 3, "price": 55.75, "qty": 10.0, "total": 557.5}}, {"model": "posApp.salesitems", "pk": 16, "fields": {"sale_id": 31, "product_id": 5, "price": 45.0, "qty": 21.0, "total": 945.0}}, {"model": "posApp.salesitems", "pk": 17, "fields": {"sale_id": 32, "product_id": 5, "price": 45.0, "qty": 1.0, "total": 45.0}}, {"model": "posApp.salesitems", "pk": 18, "fields": {"sale_id": 32, "product_id": 2, "price": 50.0, "qty": 1.0, "total": 50.0}}, {"model": "posApp.salesitems", "pk": 19, "fields": {"sale_id": 32, "product_id": 3, "price": 55.75, "qty": 1.0, "total": 55.75}}, {"model": "posApp.salesitems", "pk": 20, "fields": {"sale_id": 33, "product_id": 2, "price": 50.0, "qty": 1.0, "total": 50.0}}, {"model": "posApp.salesitems", "pk": 21, "fields": {"sale_id": 34, "product_id": 2, "price": 50.0, "qty": 1.0, "total": 50.0}}, {"model": "posApp.salesitems", "pk": 22, "fields": {"sale_id": 34, "product_id": 3, "price": 55.75, "qty": 10.0, "total": 557.5}}, {"model": "posApp.salesitems", "pk": 23, "fields": {"sale_id": 35, "product_id": 4, "price": 51.55, "qty": 100.0, "total": 5155.0}}, {"model": "posApp.salesitems", "pk": 24, "fields": {"sale_id": 36, "product_id": 2, "price": 50.0, "qty": 1.0, "total": 50.0}}, {"model": "posApp.salesitems", "pk": 25, "fields": {"sale_id": 37, "product_id": 18, "price": 350.0, "qty": 1.0, "total": 350.0}}, {"model": "posApp.salesitems", "pk": 26, "fields": {"sale_id": 37, "product_id": 5, "price": 2.0, "qty": 1.0, "total": 2.0}}, {"model": "posApp.salesitems", "pk": 27, "fields": {"sale_id": 37, "product_id": 12, "price": 2.0, "qty": 1.0, "total": 2.0}}, {"model": "posApp.salesitems", "pk": 28, "fields": {"sale_id": 38, "product_id": 2, "price": 15.0, "qty": 1.0, "total": 15.0}}, {"model": "posApp.salesitems", "pk": 29, "fields": {"sale_id": 39, "product_id": 3, "price": 2.0, "qty": 1.0, "total": 2.0}}, {"model": "posApp.salesitems", "pk": 30, "fields": {"sale_id": 39, "product_id": 4, "price": 2.0, "qty": 1.0, "total": 2.0}}, {"model": "posApp.salesitems", "pk": 31, "fields": {"sale_id": 40, "product_id": 1, "price": 3.0, "qty": 1.0, "total": 3.0}}, {"model": "posApp.salesitems", "pk": 32, "fields": {"sale_id": 41, "product_id": 37, "price": 30.0, "qty": 1.0, "total": 30.0}}]